iteration,collectionName,requestName,method,url,status,code,responseTime,responseSize,executed,failed,skipped,totalAssertions,executedCount,failedCount,skippedCount
"1","Load data","https://stg-platform-encrypt-decrypt-z6qdhvvftq-et.a.run.app/masking-data?action=decrypt","POST","https://stg-platform-encrypt-decrypt-z6qdhvvftq-et.a.run.app/masking-data?action=decrypt","OK","200","165","219",,,,"0","0","0","0"
"2","Load data","https://stg-platform-encrypt-decrypt-z6qdhvvftq-et.a.run.app/masking-data?action=decrypt","POST","https://stg-platform-encrypt-decrypt-z6qdhvvftq-et.a.run.app/masking-data?action=decrypt","OK","200","54","219",,,,"0","0","0","0"
"3","Load data","https://stg-platform-encrypt-decrypt-z6qdhvvftq-et.a.run.app/masking-data?action=decrypt","POST","https://stg-platform-encrypt-decrypt-z6qdhvvftq-et.a.run.app/masking-data?action=decrypt","OK","200","51","219",,,,"0","0","0","0"
"4","Load data","https://stg-platform-encrypt-decrypt-z6qdhvvftq-et.a.run.app/masking-data?action=decrypt","POST","https://stg-platform-encrypt-decrypt-z6qdhvvftq-et.a.run.app/masking-data?action=decrypt","OK","200","49","219",,,,"0","0","0","0"
"5","Load data","https://stg-platform-encrypt-decrypt-z6qdhvvftq-et.a.run.app/masking-data?action=decrypt","POST","https://stg-platform-encrypt-decrypt-z6qdhvvftq-et.a.run.app/masking-data?action=decrypt","OK","200","49","219",,,,"0","0","0","0"
"6","Load data","https://stg-platform-encrypt-decrypt-z6qdhvvftq-et.a.run.app/masking-data?action=decrypt","POST","https://stg-platform-encrypt-decrypt-z6qdhvvftq-et.a.run.app/masking-data?action=decrypt","OK","200","47","219",,,,"0","0","0","0"
"7","Load data","https://stg-platform-encrypt-decrypt-z6qdhvvftq-et.a.run.app/masking-data?action=decrypt","POST","https://stg-platform-encrypt-decrypt-z6qdhvvftq-et.a.run.app/masking-data?action=decrypt","OK","200","49","219",,,,"0","0","0","0"
"8","Load data","https://stg-platform-encrypt-decrypt-z6qdhvvftq-et.a.run.app/masking-data?action=decrypt","POST","https://stg-platform-encrypt-decrypt-z6qdhvvftq-et.a.run.app/masking-data?action=decrypt","OK","200","50","219",,,,"0","0","0","0"
"9","Load data","https://stg-platform-encrypt-decrypt-z6qdhvvftq-et.a.run.app/masking-data?action=decrypt","POST","https://stg-platform-encrypt-decrypt-z6qdhvvftq-et.a.run.app/masking-data?action=decrypt","OK","200","48","219",,,,"0","0","0","0"
"10","Load data","https://stg-platform-encrypt-decrypt-z6qdhvvftq-et.a.run.app/masking-data?action=decrypt","POST","https://stg-platform-encrypt-decrypt-z6qdhvvftq-et.a.run.app/masking-data?action=decrypt","OK","200","49","219",,,,"0","0","0","0"
"11","Load data","https://stg-platform-encrypt-decrypt-z6qdhvvftq-et.a.run.app/masking-data?action=decrypt","POST","https://stg-platform-encrypt-decrypt-z6qdhvvftq-et.a.run.app/masking-data?action=decrypt","OK","200","50","219",,,,"0","0","0","0"
"12","Load data","https://stg-platform-encrypt-decrypt-z6qdhvvftq-et.a.run.app/masking-data?action=decrypt","POST","https://stg-platform-encrypt-decrypt-z6qdhvvftq-et.a.run.app/masking-data?action=decrypt","OK","200","48","219",,,,"0","0","0","0"
"13","Load data","https://stg-platform-encrypt-decrypt-z6qdhvvftq-et.a.run.app/masking-data?action=decrypt","POST","https://stg-platform-encrypt-decrypt-z6qdhvvftq-et.a.run.app/masking-data?action=decrypt","OK","200","47","219",,,,"0","0","0","0"
"14","Load data","https://stg-platform-encrypt-decrypt-z6qdhvvftq-et.a.run.app/masking-data?action=decrypt","POST","https://stg-platform-encrypt-decrypt-z6qdhvvftq-et.a.run.app/masking-data?action=decrypt","OK","200","59","219",,,,"0","0","0","0"
"15","Load data","https://stg-platform-encrypt-decrypt-z6qdhvvftq-et.a.run.app/masking-data?action=decrypt","POST","https://stg-platform-encrypt-decrypt-z6qdhvvftq-et.a.run.app/masking-data?action=decrypt","OK","200","46","219",,,,"0","0","0","0"
"16","Load data","https://stg-platform-encrypt-decrypt-z6qdhvvftq-et.a.run.app/masking-data?action=decrypt","POST","https://stg-platform-encrypt-decrypt-z6qdhvvftq-et.a.run.app/masking-data?action=decrypt","OK","200","49","219",,,,"0","0","0","0"
"17","Load data","https://stg-platform-encrypt-decrypt-z6qdhvvftq-et.a.run.app/masking-data?action=decrypt","POST","https://stg-platform-encrypt-decrypt-z6qdhvvftq-et.a.run.app/masking-data?action=decrypt","OK","200","49","219",,,,"0","0","0","0"
"18","Load data","https://stg-platform-encrypt-decrypt-z6qdhvvftq-et.a.run.app/masking-data?action=decrypt","POST","https://stg-platform-encrypt-decrypt-z6qdhvvftq-et.a.run.app/masking-data?action=decrypt","OK","200","46","219",,,,"0","0","0","0"
"19","Load data","https://stg-platform-encrypt-decrypt-z6qdhvvftq-et.a.run.app/masking-data?action=decrypt","POST","https://stg-platform-encrypt-decrypt-z6qdhvvftq-et.a.run.app/masking-data?action=decrypt","OK","200","47","219",,,,"0","0","0","0"
"20","Load data","https://stg-platform-encrypt-decrypt-z6qdhvvftq-et.a.run.app/masking-data?action=decrypt","POST","https://stg-platform-encrypt-decrypt-z6qdhvvftq-et.a.run.app/masking-data?action=decrypt","OK","200","49","219",,,,"0","0","0","0"
"21","Load data","https://stg-platform-encrypt-decrypt-z6qdhvvftq-et.a.run.app/masking-data?action=decrypt","POST","https://stg-platform-encrypt-decrypt-z6qdhvvftq-et.a.run.app/masking-data?action=decrypt","OK","200","50","219",,,,"0","0","0","0"
"22","Load data","https://stg-platform-encrypt-decrypt-z6qdhvvftq-et.a.run.app/masking-data?action=decrypt","POST","https://stg-platform-encrypt-decrypt-z6qdhvvftq-et.a.run.app/masking-data?action=decrypt","OK","200","56","219",,,,"0","0","0","0"
"23","Load data","https://stg-platform-encrypt-decrypt-z6qdhvvftq-et.a.run.app/masking-data?action=decrypt","POST","https://stg-platform-encrypt-decrypt-z6qdhvvftq-et.a.run.app/masking-data?action=decrypt","OK","200","63","219",,,,"0","0","0","0"
"24","Load data","https://stg-platform-encrypt-decrypt-z6qdhvvftq-et.a.run.app/masking-data?action=decrypt","POST","https://stg-platform-encrypt-decrypt-z6qdhvvftq-et.a.run.app/masking-data?action=decrypt","OK","200","57","219",,,,"0","0","0","0"
"25","Load data","https://stg-platform-encrypt-decrypt-z6qdhvvftq-et.a.run.app/masking-data?action=decrypt","POST","https://stg-platform-encrypt-decrypt-z6qdhvvftq-et.a.run.app/masking-data?action=decrypt","OK","200","62","219",,,,"0","0","0","0"
"26","Load data","https://stg-platform-encrypt-decrypt-z6qdhvvftq-et.a.run.app/masking-data?action=decrypt","POST","https://stg-platform-encrypt-decrypt-z6qdhvvftq-et.a.run.app/masking-data?action=decrypt","OK","200","54","219",,,,"0","0","0","0"
"27","Load data","https://stg-platform-encrypt-decrypt-z6qdhvvftq-et.a.run.app/masking-data?action=decrypt","POST","https://stg-platform-encrypt-decrypt-z6qdhvvftq-et.a.run.app/masking-data?action=decrypt","OK","200","80","219",,,,"0","0","0","0"
"28","Load data","https://stg-platform-encrypt-decrypt-z6qdhvvftq-et.a.run.app/masking-data?action=decrypt","POST","https://stg-platform-encrypt-decrypt-z6qdhvvftq-et.a.run.app/masking-data?action=decrypt","OK","200","54","219",,,,"0","0","0","0"
"29","Load data","https://stg-platform-encrypt-decrypt-z6qdhvvftq-et.a.run.app/masking-data?action=decrypt","POST","https://stg-platform-encrypt-decrypt-z6qdhvvftq-et.a.run.app/masking-data?action=decrypt","OK","200","49","219",,,,"0","0","0","0"
"30","Load data","https://stg-platform-encrypt-decrypt-z6qdhvvftq-et.a.run.app/masking-data?action=decrypt","POST","https://stg-platform-encrypt-decrypt-z6qdhvvftq-et.a.run.app/masking-data?action=decrypt","OK","200","61","219",,,,"0","0","0","0"
"31","Load data","https://stg-platform-encrypt-decrypt-z6qdhvvftq-et.a.run.app/masking-data?action=decrypt","POST","https://stg-platform-encrypt-decrypt-z6qdhvvftq-et.a.run.app/masking-data?action=decrypt","OK","200","52","219",,,,"0","0","0","0"
"32","Load data","https://stg-platform-encrypt-decrypt-z6qdhvvftq-et.a.run.app/masking-data?action=decrypt","POST","https://stg-platform-encrypt-decrypt-z6qdhvvftq-et.a.run.app/masking-data?action=decrypt","OK","200","46","219",,,,"0","0","0","0"
"33","Load data","https://stg-platform-encrypt-decrypt-z6qdhvvftq-et.a.run.app/masking-data?action=decrypt","POST","https://stg-platform-encrypt-decrypt-z6qdhvvftq-et.a.run.app/masking-data?action=decrypt","OK","200","46","219",,,,"0","0","0","0"
"34","Load data","https://stg-platform-encrypt-decrypt-z6qdhvvftq-et.a.run.app/masking-data?action=decrypt","POST","https://stg-platform-encrypt-decrypt-z6qdhvvftq-et.a.run.app/masking-data?action=decrypt","OK","200","46","219",,,,"0","0","0","0"
"35","Load data","https://stg-platform-encrypt-decrypt-z6qdhvvftq-et.a.run.app/masking-data?action=decrypt","POST","https://stg-platform-encrypt-decrypt-z6qdhvvftq-et.a.run.app/masking-data?action=decrypt","OK","200","50","219",,,,"0","0","0","0"
"36","Load data","https://stg-platform-encrypt-decrypt-z6qdhvvftq-et.a.run.app/masking-data?action=decrypt","POST","https://stg-platform-encrypt-decrypt-z6qdhvvftq-et.a.run.app/masking-data?action=decrypt","OK","200","46","219",,,,"0","0","0","0"
"37","Load data","https://stg-platform-encrypt-decrypt-z6qdhvvftq-et.a.run.app/masking-data?action=decrypt","POST","https://stg-platform-encrypt-decrypt-z6qdhvvftq-et.a.run.app/masking-data?action=decrypt","OK","200","58","219",,,,"0","0","0","0"
"38","Load data","https://stg-platform-encrypt-decrypt-z6qdhvvftq-et.a.run.app/masking-data?action=decrypt","POST","https://stg-platform-encrypt-decrypt-z6qdhvvftq-et.a.run.app/masking-data?action=decrypt","OK","200","46","219",,,,"0","0","0","0"
"39","Load data","https://stg-platform-encrypt-decrypt-z6qdhvvftq-et.a.run.app/masking-data?action=decrypt","POST","https://stg-platform-encrypt-decrypt-z6qdhvvftq-et.a.run.app/masking-data?action=decrypt","OK","200","45","219",,,,"0","0","0","0"
"40","Load data","https://stg-platform-encrypt-decrypt-z6qdhvvftq-et.a.run.app/masking-data?action=decrypt","POST","https://stg-platform-encrypt-decrypt-z6qdhvvftq-et.a.run.app/masking-data?action=decrypt","OK","200","50","219",,,,"0","0","0","0"
"41","Load data","https://stg-platform-encrypt-decrypt-z6qdhvvftq-et.a.run.app/masking-data?action=decrypt","POST","https://stg-platform-encrypt-decrypt-z6qdhvvftq-et.a.run.app/masking-data?action=decrypt","OK","200","48","219",,,,"0","0","0","0"
"42","Load data","https://stg-platform-encrypt-decrypt-z6qdhvvftq-et.a.run.app/masking-data?action=decrypt","POST","https://stg-platform-encrypt-decrypt-z6qdhvvftq-et.a.run.app/masking-data?action=decrypt","OK","200","46","219",,,,"0","0","0","0"
"43","Load data","https://stg-platform-encrypt-decrypt-z6qdhvvftq-et.a.run.app/masking-data?action=decrypt","POST","https://stg-platform-encrypt-decrypt-z6qdhvvftq-et.a.run.app/masking-data?action=decrypt","OK","200","45","219",,,,"0","0","0","0"
"44","Load data","https://stg-platform-encrypt-decrypt-z6qdhvvftq-et.a.run.app/masking-data?action=decrypt","POST","https://stg-platform-encrypt-decrypt-z6qdhvvftq-et.a.run.app/masking-data?action=decrypt","OK","200","48","219",,,,"0","0","0","0"
"45","Load data","https://stg-platform-encrypt-decrypt-z6qdhvvftq-et.a.run.app/masking-data?action=decrypt","POST","https://stg-platform-encrypt-decrypt-z6qdhvvftq-et.a.run.app/masking-data?action=decrypt","OK","200","50","219",,,,"0","0","0","0"
"46","Load data","https://stg-platform-encrypt-decrypt-z6qdhvvftq-et.a.run.app/masking-data?action=decrypt","POST","https://stg-platform-encrypt-decrypt-z6qdhvvftq-et.a.run.app/masking-data?action=decrypt","OK","200","45","219",,,,"0","0","0","0"
"47","Load data","https://stg-platform-encrypt-decrypt-z6qdhvvftq-et.a.run.app/masking-data?action=decrypt","POST","https://stg-platform-encrypt-decrypt-z6qdhvvftq-et.a.run.app/masking-data?action=decrypt","OK","200","47","219",,,,"0","0","0","0"
"48","Load data","https://stg-platform-encrypt-decrypt-z6qdhvvftq-et.a.run.app/masking-data?action=decrypt","POST","https://stg-platform-encrypt-decrypt-z6qdhvvftq-et.a.run.app/masking-data?action=decrypt","OK","200","50","219",,,,"0","0","0","0"
"49","Load data","https://stg-platform-encrypt-decrypt-z6qdhvvftq-et.a.run.app/masking-data?action=decrypt","POST","https://stg-platform-encrypt-decrypt-z6qdhvvftq-et.a.run.app/masking-data?action=decrypt","OK","200","46","219",,,,"0","0","0","0"
"50","Load data","https://stg-platform-encrypt-decrypt-z6qdhvvftq-et.a.run.app/masking-data?action=decrypt","POST","https://stg-platform-encrypt-decrypt-z6qdhvvftq-et.a.run.app/masking-data?action=decrypt","OK","200","47","219",,,,"0","0","0","0"
"51","Load data","https://stg-platform-encrypt-decrypt-z6qdhvvftq-et.a.run.app/masking-data?action=decrypt","POST","https://stg-platform-encrypt-decrypt-z6qdhvvftq-et.a.run.app/masking-data?action=decrypt","OK","200","62","219",,,,"0","0","0","0"
"52","Load data","https://stg-platform-encrypt-decrypt-z6qdhvvftq-et.a.run.app/masking-data?action=decrypt","POST","https://stg-platform-encrypt-decrypt-z6qdhvvftq-et.a.run.app/masking-data?action=decrypt","OK","200","48","219",,,,"0","0","0","0"
"53","Load data","https://stg-platform-encrypt-decrypt-z6qdhvvftq-et.a.run.app/masking-data?action=decrypt","POST","https://stg-platform-encrypt-decrypt-z6qdhvvftq-et.a.run.app/masking-data?action=decrypt","OK","200","47","219",,,,"0","0","0","0"
"54","Load data","https://stg-platform-encrypt-decrypt-z6qdhvvftq-et.a.run.app/masking-data?action=decrypt","POST","https://stg-platform-encrypt-decrypt-z6qdhvvftq-et.a.run.app/masking-data?action=decrypt","OK","200","48","219",,,,"0","0","0","0"
"55","Load data","https://stg-platform-encrypt-decrypt-z6qdhvvftq-et.a.run.app/masking-data?action=decrypt","POST","https://stg-platform-encrypt-decrypt-z6qdhvvftq-et.a.run.app/masking-data?action=decrypt","OK","200","48","219",,,,"0","0","0","0"
"56","Load data","https://stg-platform-encrypt-decrypt-z6qdhvvftq-et.a.run.app/masking-data?action=decrypt","POST","https://stg-platform-encrypt-decrypt-z6qdhvvftq-et.a.run.app/masking-data?action=decrypt","OK","200","46","219",,,,"0","0","0","0"
"57","Load data","https://stg-platform-encrypt-decrypt-z6qdhvvftq-et.a.run.app/masking-data?action=decrypt","POST","https://stg-platform-encrypt-decrypt-z6qdhvvftq-et.a.run.app/masking-data?action=decrypt","OK","200","45","219",,,,"0","0","0","0"
"58","Load data","https://stg-platform-encrypt-decrypt-z6qdhvvftq-et.a.run.app/masking-data?action=decrypt","POST","https://stg-platform-encrypt-decrypt-z6qdhvvftq-et.a.run.app/masking-data?action=decrypt","OK","200","46","219",,,,"0","0","0","0"
"59","Load data","https://stg-platform-encrypt-decrypt-z6qdhvvftq-et.a.run.app/masking-data?action=decrypt","POST","https://stg-platform-encrypt-decrypt-z6qdhvvftq-et.a.run.app/masking-data?action=decrypt","OK","200","48","219",,,,"0","0","0","0"
"60","Load data","https://stg-platform-encrypt-decrypt-z6qdhvvftq-et.a.run.app/masking-data?action=decrypt","POST","https://stg-platform-encrypt-decrypt-z6qdhvvftq-et.a.run.app/masking-data?action=decrypt","OK","200","46","219",,,,"0","0","0","0"
"61","Load data","https://stg-platform-encrypt-decrypt-z6qdhvvftq-et.a.run.app/masking-data?action=decrypt","POST","https://stg-platform-encrypt-decrypt-z6qdhvvftq-et.a.run.app/masking-data?action=decrypt","OK","200","44","219",,,,"0","0","0","0"
"62","Load data","https://stg-platform-encrypt-decrypt-z6qdhvvftq-et.a.run.app/masking-data?action=decrypt","POST","https://stg-platform-encrypt-decrypt-z6qdhvvftq-et.a.run.app/masking-data?action=decrypt","OK","200","47","219",,,,"0","0","0","0"
"63","Load data","https://stg-platform-encrypt-decrypt-z6qdhvvftq-et.a.run.app/masking-data?action=decrypt","POST","https://stg-platform-encrypt-decrypt-z6qdhvvftq-et.a.run.app/masking-data?action=decrypt","OK","200","50","219",,,,"0","0","0","0"
"64","Load data","https://stg-platform-encrypt-decrypt-z6qdhvvftq-et.a.run.app/masking-data?action=decrypt","POST","https://stg-platform-encrypt-decrypt-z6qdhvvftq-et.a.run.app/masking-data?action=decrypt","OK","200","50","219",,,,"0","0","0","0"
"65","Load data","https://stg-platform-encrypt-decrypt-z6qdhvvftq-et.a.run.app/masking-data?action=decrypt","POST","https://stg-platform-encrypt-decrypt-z6qdhvvftq-et.a.run.app/masking-data?action=decrypt","OK","200","49","219",,,,"0","0","0","0"
"66","Load data","https://stg-platform-encrypt-decrypt-z6qdhvvftq-et.a.run.app/masking-data?action=decrypt","POST","https://stg-platform-encrypt-decrypt-z6qdhvvftq-et.a.run.app/masking-data?action=decrypt","OK","200","49","219",,,,"0","0","0","0"
"67","Load data","https://stg-platform-encrypt-decrypt-z6qdhvvftq-et.a.run.app/masking-data?action=decrypt","POST","https://stg-platform-encrypt-decrypt-z6qdhvvftq-et.a.run.app/masking-data?action=decrypt","OK","200","48","219",,,,"0","0","0","0"
"68","Load data","https://stg-platform-encrypt-decrypt-z6qdhvvftq-et.a.run.app/masking-data?action=decrypt","POST","https://stg-platform-encrypt-decrypt-z6qdhvvftq-et.a.run.app/masking-data?action=decrypt","OK","200","47","219",,,,"0","0","0","0"
"69","Load data","https://stg-platform-encrypt-decrypt-z6qdhvvftq-et.a.run.app/masking-data?action=decrypt","POST","https://stg-platform-encrypt-decrypt-z6qdhvvftq-et.a.run.app/masking-data?action=decrypt","OK","200","48","219",,,,"0","0","0","0"
"70","Load data","https://stg-platform-encrypt-decrypt-z6qdhvvftq-et.a.run.app/masking-data?action=decrypt","POST","https://stg-platform-encrypt-decrypt-z6qdhvvftq-et.a.run.app/masking-data?action=decrypt","OK","200","50","219",,,,"0","0","0","0"
"71","Load data","https://stg-platform-encrypt-decrypt-z6qdhvvftq-et.a.run.app/masking-data?action=decrypt","POST","https://stg-platform-encrypt-decrypt-z6qdhvvftq-et.a.run.app/masking-data?action=decrypt","OK","200","49","219",,,,"0","0","0","0"
"72","Load data","https://stg-platform-encrypt-decrypt-z6qdhvvftq-et.a.run.app/masking-data?action=decrypt","POST","https://stg-platform-encrypt-decrypt-z6qdhvvftq-et.a.run.app/masking-data?action=decrypt","OK","200","51","219",,,,"0","0","0","0"
"73","Load data","https://stg-platform-encrypt-decrypt-z6qdhvvftq-et.a.run.app/masking-data?action=decrypt","POST","https://stg-platform-encrypt-decrypt-z6qdhvvftq-et.a.run.app/masking-data?action=decrypt","OK","200","48","219",,,,"0","0","0","0"
"74","Load data","https://stg-platform-encrypt-decrypt-z6qdhvvftq-et.a.run.app/masking-data?action=decrypt","POST","https://stg-platform-encrypt-decrypt-z6qdhvvftq-et.a.run.app/masking-data?action=decrypt","OK","200","57","219",,,,"0","0","0","0"
"75","Load data","https://stg-platform-encrypt-decrypt-z6qdhvvftq-et.a.run.app/masking-data?action=decrypt","POST","https://stg-platform-encrypt-decrypt-z6qdhvvftq-et.a.run.app/masking-data?action=decrypt","OK","200","45","219",,,,"0","0","0","0"
"76","Load data","https://stg-platform-encrypt-decrypt-z6qdhvvftq-et.a.run.app/masking-data?action=decrypt","POST","https://stg-platform-encrypt-decrypt-z6qdhvvftq-et.a.run.app/masking-data?action=decrypt","OK","200","43","219",,,,"0","0","0","0"
"77","Load data","https://stg-platform-encrypt-decrypt-z6qdhvvftq-et.a.run.app/masking-data?action=decrypt","POST","https://stg-platform-encrypt-decrypt-z6qdhvvftq-et.a.run.app/masking-data?action=decrypt","OK","200","47","219",,,,"0","0","0","0"
"78","Load data","https://stg-platform-encrypt-decrypt-z6qdhvvftq-et.a.run.app/masking-data?action=decrypt","POST","https://stg-platform-encrypt-decrypt-z6qdhvvftq-et.a.run.app/masking-data?action=decrypt","OK","200","46","219",,,,"0","0","0","0"
"79","Load data","https://stg-platform-encrypt-decrypt-z6qdhvvftq-et.a.run.app/masking-data?action=decrypt","POST","https://stg-platform-encrypt-decrypt-z6qdhvvftq-et.a.run.app/masking-data?action=decrypt","OK","200","46","219",,,,"0","0","0","0"
"80","Load data","https://stg-platform-encrypt-decrypt-z6qdhvvftq-et.a.run.app/masking-data?action=decrypt","POST","https://stg-platform-encrypt-decrypt-z6qdhvvftq-et.a.run.app/masking-data?action=decrypt","OK","200","51","219",,,,"0","0","0","0"
"81","Load data","https://stg-platform-encrypt-decrypt-z6qdhvvftq-et.a.run.app/masking-data?action=decrypt","POST","https://stg-platform-encrypt-decrypt-z6qdhvvftq-et.a.run.app/masking-data?action=decrypt","OK","200","52","219",,,,"0","0","0","0"
"82","Load data","https://stg-platform-encrypt-decrypt-z6qdhvvftq-et.a.run.app/masking-data?action=decrypt","POST","https://stg-platform-encrypt-decrypt-z6qdhvvftq-et.a.run.app/masking-data?action=decrypt","OK","200","56","219",,,,"0","0","0","0"
"83","Load data","https://stg-platform-encrypt-decrypt-z6qdhvvftq-et.a.run.app/masking-data?action=decrypt","POST","https://stg-platform-encrypt-decrypt-z6qdhvvftq-et.a.run.app/masking-data?action=decrypt","OK","200","50","219",,,,"0","0","0","0"
"84","Load data","https://stg-platform-encrypt-decrypt-z6qdhvvftq-et.a.run.app/masking-data?action=decrypt","POST","https://stg-platform-encrypt-decrypt-z6qdhvvftq-et.a.run.app/masking-data?action=decrypt","OK","200","49","219",,,,"0","0","0","0"
"85","Load data","https://stg-platform-encrypt-decrypt-z6qdhvvftq-et.a.run.app/masking-data?action=decrypt","POST","https://stg-platform-encrypt-decrypt-z6qdhvvftq-et.a.run.app/masking-data?action=decrypt","OK","200","46","219",,,,"0","0","0","0"
"86","Load data","https://stg-platform-encrypt-decrypt-z6qdhvvftq-et.a.run.app/masking-data?action=decrypt","POST","https://stg-platform-encrypt-decrypt-z6qdhvvftq-et.a.run.app/masking-data?action=decrypt","OK","200","47","219",,,,"0","0","0","0"
"87","Load data","https://stg-platform-encrypt-decrypt-z6qdhvvftq-et.a.run.app/masking-data?action=decrypt","POST","https://stg-platform-encrypt-decrypt-z6qdhvvftq-et.a.run.app/masking-data?action=decrypt","OK","200","44","219",,,,"0","0","0","0"
"88","Load data","https://stg-platform-encrypt-decrypt-z6qdhvvftq-et.a.run.app/masking-data?action=decrypt","POST","https://stg-platform-encrypt-decrypt-z6qdhvvftq-et.a.run.app/masking-data?action=decrypt","OK","200","46","219",,,,"0","0","0","0"
"89","Load data","https://stg-platform-encrypt-decrypt-z6qdhvvftq-et.a.run.app/masking-data?action=decrypt","POST","https://stg-platform-encrypt-decrypt-z6qdhvvftq-et.a.run.app/masking-data?action=decrypt","OK","200","47","219",,,,"0","0","0","0"
"90","Load data","https://stg-platform-encrypt-decrypt-z6qdhvvftq-et.a.run.app/masking-data?action=decrypt","POST","https://stg-platform-encrypt-decrypt-z6qdhvvftq-et.a.run.app/masking-data?action=decrypt","OK","200","48","219",,,,"0","0","0","0"
"91","Load data","https://stg-platform-encrypt-decrypt-z6qdhvvftq-et.a.run.app/masking-data?action=decrypt","POST","https://stg-platform-encrypt-decrypt-z6qdhvvftq-et.a.run.app/masking-data?action=decrypt","OK","200","47","219",,,,"0","0","0","0"
"92","Load data","https://stg-platform-encrypt-decrypt-z6qdhvvftq-et.a.run.app/masking-data?action=decrypt","POST","https://stg-platform-encrypt-decrypt-z6qdhvvftq-et.a.run.app/masking-data?action=decrypt","OK","200","48","219",,,,"0","0","0","0"
"93","Load data","https://stg-platform-encrypt-decrypt-z6qdhvvftq-et.a.run.app/masking-data?action=decrypt","POST","https://stg-platform-encrypt-decrypt-z6qdhvvftq-et.a.run.app/masking-data?action=decrypt","OK","200","44","219",,,,"0","0","0","0"
"94","Load data","https://stg-platform-encrypt-decrypt-z6qdhvvftq-et.a.run.app/masking-data?action=decrypt","POST","https://stg-platform-encrypt-decrypt-z6qdhvvftq-et.a.run.app/masking-data?action=decrypt","OK","200","46","219",,,,"0","0","0","0"
"95","Load data","https://stg-platform-encrypt-decrypt-z6qdhvvftq-et.a.run.app/masking-data?action=decrypt","POST","https://stg-platform-encrypt-decrypt-z6qdhvvftq-et.a.run.app/masking-data?action=decrypt","OK","200","48","219",,,,"0","0","0","0"
"96","Load data","https://stg-platform-encrypt-decrypt-z6qdhvvftq-et.a.run.app/masking-data?action=decrypt","POST","https://stg-platform-encrypt-decrypt-z6qdhvvftq-et.a.run.app/masking-data?action=decrypt","OK","200","48","219",,,,"0","0","0","0"
"97","Load data","https://stg-platform-encrypt-decrypt-z6qdhvvftq-et.a.run.app/masking-data?action=decrypt","POST","https://stg-platform-encrypt-decrypt-z6qdhvvftq-et.a.run.app/masking-data?action=decrypt","OK","200","48","219",,,,"0","0","0","0"
"98","Load data","https://stg-platform-encrypt-decrypt-z6qdhvvftq-et.a.run.app/masking-data?action=decrypt","POST","https://stg-platform-encrypt-decrypt-z6qdhvvftq-et.a.run.app/masking-data?action=decrypt","OK","200","47","219",,,,"0","0","0","0"
"99","Load data","https://stg-platform-encrypt-decrypt-z6qdhvvftq-et.a.run.app/masking-data?action=decrypt","POST","https://stg-platform-encrypt-decrypt-z6qdhvvftq-et.a.run.app/masking-data?action=decrypt","OK","200","49","219",,,,"0","0","0","0"
"100","Load data","https://stg-platform-encrypt-decrypt-z6qdhvvftq-et.a.run.app/masking-data?action=decrypt","POST","https://stg-platform-encrypt-decrypt-z6qdhvvftq-et.a.run.app/masking-data?action=decrypt","OK","200","45","219",,,,"0","0","0","0"
"101","Load data","https://stg-platform-encrypt-decrypt-z6qdhvvftq-et.a.run.app/masking-data?action=decrypt","POST","https://stg-platform-encrypt-decrypt-z6qdhvvftq-et.a.run.app/masking-data?action=decrypt","OK","200","46","219",,,,"0","0","0","0"
"102","Load data","https://stg-platform-encrypt-decrypt-z6qdhvvftq-et.a.run.app/masking-data?action=decrypt","POST","https://stg-platform-encrypt-decrypt-z6qdhvvftq-et.a.run.app/masking-data?action=decrypt","OK","200","47","219",,,,"0","0","0","0"
"103","Load data","https://stg-platform-encrypt-decrypt-z6qdhvvftq-et.a.run.app/masking-data?action=decrypt","POST","https://stg-platform-encrypt-decrypt-z6qdhvvftq-et.a.run.app/masking-data?action=decrypt","OK","200","44","219",,,,"0","0","0","0"
"104","Load data","https://stg-platform-encrypt-decrypt-z6qdhvvftq-et.a.run.app/masking-data?action=decrypt","POST","https://stg-platform-encrypt-decrypt-z6qdhvvftq-et.a.run.app/masking-data?action=decrypt","OK","200","46","219",,,,"0","0","0","0"
"105","Load data","https://stg-platform-encrypt-decrypt-z6qdhvvftq-et.a.run.app/masking-data?action=decrypt","POST","https://stg-platform-encrypt-decrypt-z6qdhvvftq-et.a.run.app/masking-data?action=decrypt","OK","200","47","219",,,,"0","0","0","0"
"106","Load data","https://stg-platform-encrypt-decrypt-z6qdhvvftq-et.a.run.app/masking-data?action=decrypt","POST","https://stg-platform-encrypt-decrypt-z6qdhvvftq-et.a.run.app/masking-data?action=decrypt","OK","200","44","219",,,,"0","0","0","0"
"107","Load data","https://stg-platform-encrypt-decrypt-z6qdhvvftq-et.a.run.app/masking-data?action=decrypt","POST","https://stg-platform-encrypt-decrypt-z6qdhvvftq-et.a.run.app/masking-data?action=decrypt","OK","200","52","219",,,,"0","0","0","0"
"108","Load data","https://stg-platform-encrypt-decrypt-z6qdhvvftq-et.a.run.app/masking-data?action=decrypt","POST","https://stg-platform-encrypt-decrypt-z6qdhvvftq-et.a.run.app/masking-data?action=decrypt","OK","200","46","219",,,,"0","0","0","0"
"109","Load data","https://stg-platform-encrypt-decrypt-z6qdhvvftq-et.a.run.app/masking-data?action=decrypt","POST","https://stg-platform-encrypt-decrypt-z6qdhvvftq-et.a.run.app/masking-data?action=decrypt","OK","200","48","219",,,,"0","0","0","0"
"110","Load data","https://stg-platform-encrypt-decrypt-z6qdhvvftq-et.a.run.app/masking-data?action=decrypt","POST","https://stg-platform-encrypt-decrypt-z6qdhvvftq-et.a.run.app/masking-data?action=decrypt","OK","200","46","219",,,,"0","0","0","0"
"111","Load data","https://stg-platform-encrypt-decrypt-z6qdhvvftq-et.a.run.app/masking-data?action=decrypt","POST","https://stg-platform-encrypt-decrypt-z6qdhvvftq-et.a.run.app/masking-data?action=decrypt","OK","200","45","219",,,,"0","0","0","0"
"112","Load data","https://stg-platform-encrypt-decrypt-z6qdhvvftq-et.a.run.app/masking-data?action=decrypt","POST","https://stg-platform-encrypt-decrypt-z6qdhvvftq-et.a.run.app/masking-data?action=decrypt","OK","200","48","219",,,,"0","0","0","0"
"113","Load data","https://stg-platform-encrypt-decrypt-z6qdhvvftq-et.a.run.app/masking-data?action=decrypt","POST","https://stg-platform-encrypt-decrypt-z6qdhvvftq-et.a.run.app/masking-data?action=decrypt","OK","200","46","219",,,,"0","0","0","0"
"114","Load data","https://stg-platform-encrypt-decrypt-z6qdhvvftq-et.a.run.app/masking-data?action=decrypt","POST","https://stg-platform-encrypt-decrypt-z6qdhvvftq-et.a.run.app/masking-data?action=decrypt","OK","200","49","219",,,,"0","0","0","0"
"115","Load data","https://stg-platform-encrypt-decrypt-z6qdhvvftq-et.a.run.app/masking-data?action=decrypt","POST","https://stg-platform-encrypt-decrypt-z6qdhvvftq-et.a.run.app/masking-data?action=decrypt","OK","200","46","219",,,,"0","0","0","0"
"116","Load data","https://stg-platform-encrypt-decrypt-z6qdhvvftq-et.a.run.app/masking-data?action=decrypt","POST","https://stg-platform-encrypt-decrypt-z6qdhvvftq-et.a.run.app/masking-data?action=decrypt","OK","200","50","219",,,,"0","0","0","0"
"117","Load data","https://stg-platform-encrypt-decrypt-z6qdhvvftq-et.a.run.app/masking-data?action=decrypt","POST","https://stg-platform-encrypt-decrypt-z6qdhvvftq-et.a.run.app/masking-data?action=decrypt","OK","200","45","219",,,,"0","0","0","0"
"118","Load data","https://stg-platform-encrypt-decrypt-z6qdhvvftq-et.a.run.app/masking-data?action=decrypt","POST","https://stg-platform-encrypt-decrypt-z6qdhvvftq-et.a.run.app/masking-data?action=decrypt","OK","200","45","219",,,,"0","0","0","0"
"119","Load data","https://stg-platform-encrypt-decrypt-z6qdhvvftq-et.a.run.app/masking-data?action=decrypt","POST","https://stg-platform-encrypt-decrypt-z6qdhvvftq-et.a.run.app/masking-data?action=decrypt","OK","200","54","219",,,,"0","0","0","0"
"120","Load data","https://stg-platform-encrypt-decrypt-z6qdhvvftq-et.a.run.app/masking-data?action=decrypt","POST","https://stg-platform-encrypt-decrypt-z6qdhvvftq-et.a.run.app/masking-data?action=decrypt","OK","200","45","219",,,,"0","0","0","0"
"121","Load data","https://stg-platform-encrypt-decrypt-z6qdhvvftq-et.a.run.app/masking-data?action=decrypt","POST","https://stg-platform-encrypt-decrypt-z6qdhvvftq-et.a.run.app/masking-data?action=decrypt","OK","200","49","219",,,,"0","0","0","0"
"122","Load data","https://stg-platform-encrypt-decrypt-z6qdhvvftq-et.a.run.app/masking-data?action=decrypt","POST","https://stg-platform-encrypt-decrypt-z6qdhvvftq-et.a.run.app/masking-data?action=decrypt","OK","200","50","219",,,,"0","0","0","0"
"123","Load data","https://stg-platform-encrypt-decrypt-z6qdhvvftq-et.a.run.app/masking-data?action=decrypt","POST","https://stg-platform-encrypt-decrypt-z6qdhvvftq-et.a.run.app/masking-data?action=decrypt","OK","200","46","219",,,,"0","0","0","0"
"124","Load data","https://stg-platform-encrypt-decrypt-z6qdhvvftq-et.a.run.app/masking-data?action=decrypt","POST","https://stg-platform-encrypt-decrypt-z6qdhvvftq-et.a.run.app/masking-data?action=decrypt","OK","200","45","219",,,,"0","0","0","0"
"125","Load data","https://stg-platform-encrypt-decrypt-z6qdhvvftq-et.a.run.app/masking-data?action=decrypt","POST","https://stg-platform-encrypt-decrypt-z6qdhvvftq-et.a.run.app/masking-data?action=decrypt","OK","200","44","219",,,,"0","0","0","0"
"126","Load data","https://stg-platform-encrypt-decrypt-z6qdhvvftq-et.a.run.app/masking-data?action=decrypt","POST","https://stg-platform-encrypt-decrypt-z6qdhvvftq-et.a.run.app/masking-data?action=decrypt","OK","200","45","219",,,,"0","0","0","0"
"127","Load data","https://stg-platform-encrypt-decrypt-z6qdhvvftq-et.a.run.app/masking-data?action=decrypt","POST","https://stg-platform-encrypt-decrypt-z6qdhvvftq-et.a.run.app/masking-data?action=decrypt","OK","200","48","219",,,,"0","0","0","0"
"128","Load data","https://stg-platform-encrypt-decrypt-z6qdhvvftq-et.a.run.app/masking-data?action=decrypt","POST","https://stg-platform-encrypt-decrypt-z6qdhvvftq-et.a.run.app/masking-data?action=decrypt","OK","200","49","219",,,,"0","0","0","0"
"129","Load data","https://stg-platform-encrypt-decrypt-z6qdhvvftq-et.a.run.app/masking-data?action=decrypt","POST","https://stg-platform-encrypt-decrypt-z6qdhvvftq-et.a.run.app/masking-data?action=decrypt","OK","200","44","219",,,,"0","0","0","0"
"130","Load data","https://stg-platform-encrypt-decrypt-z6qdhvvftq-et.a.run.app/masking-data?action=decrypt","POST","https://stg-platform-encrypt-decrypt-z6qdhvvftq-et.a.run.app/masking-data?action=decrypt","OK","200","42","219",,,,"0","0","0","0"
"131","Load data","https://stg-platform-encrypt-decrypt-z6qdhvvftq-et.a.run.app/masking-data?action=decrypt","POST","https://stg-platform-encrypt-decrypt-z6qdhvvftq-et.a.run.app/masking-data?action=decrypt","OK","200","49","219",,,,"0","0","0","0"
"132","Load data","https://stg-platform-encrypt-decrypt-z6qdhvvftq-et.a.run.app/masking-data?action=decrypt","POST","https://stg-platform-encrypt-decrypt-z6qdhvvftq-et.a.run.app/masking-data?action=decrypt","OK","200","45","219",,,,"0","0","0","0"
"133","Load data","https://stg-platform-encrypt-decrypt-z6qdhvvftq-et.a.run.app/masking-data?action=decrypt","POST","https://stg-platform-encrypt-decrypt-z6qdhvvftq-et.a.run.app/masking-data?action=decrypt","OK","200","44","219",,,,"0","0","0","0"
"134","Load data","https://stg-platform-encrypt-decrypt-z6qdhvvftq-et.a.run.app/masking-data?action=decrypt","POST","https://stg-platform-encrypt-decrypt-z6qdhvvftq-et.a.run.app/masking-data?action=decrypt","OK","200","49","219",,,,"0","0","0","0"
"135","Load data","https://stg-platform-encrypt-decrypt-z6qdhvvftq-et.a.run.app/masking-data?action=decrypt","POST","https://stg-platform-encrypt-decrypt-z6qdhvvftq-et.a.run.app/masking-data?action=decrypt","OK","200","44","219",,,,"0","0","0","0"
"136","Load data","https://stg-platform-encrypt-decrypt-z6qdhvvftq-et.a.run.app/masking-data?action=decrypt","POST","https://stg-platform-encrypt-decrypt-z6qdhvvftq-et.a.run.app/masking-data?action=decrypt","OK","200","47","219",,,,"0","0","0","0"
"137","Load data","https://stg-platform-encrypt-decrypt-z6qdhvvftq-et.a.run.app/masking-data?action=decrypt","POST","https://stg-platform-encrypt-decrypt-z6qdhvvftq-et.a.run.app/masking-data?action=decrypt","OK","200","46","219",,,,"0","0","0","0"
"138","Load data","https://stg-platform-encrypt-decrypt-z6qdhvvftq-et.a.run.app/masking-data?action=decrypt","POST","https://stg-platform-encrypt-decrypt-z6qdhvvftq-et.a.run.app/masking-data?action=decrypt","OK","200","46","219",,,,"0","0","0","0"
"139","Load data","https://stg-platform-encrypt-decrypt-z6qdhvvftq-et.a.run.app/masking-data?action=decrypt","POST","https://stg-platform-encrypt-decrypt-z6qdhvvftq-et.a.run.app/masking-data?action=decrypt","OK","200","44","219",,,,"0","0","0","0"
"140","Load data","https://stg-platform-encrypt-decrypt-z6qdhvvftq-et.a.run.app/masking-data?action=decrypt","POST","https://stg-platform-encrypt-decrypt-z6qdhvvftq-et.a.run.app/masking-data?action=decrypt","OK","200","47","219",,,,"0","0","0","0"
"141","Load data","https://stg-platform-encrypt-decrypt-z6qdhvvftq-et.a.run.app/masking-data?action=decrypt","POST","https://stg-platform-encrypt-decrypt-z6qdhvvftq-et.a.run.app/masking-data?action=decrypt","OK","200","47","219",,,,"0","0","0","0"
"142","Load data","https://stg-platform-encrypt-decrypt-z6qdhvvftq-et.a.run.app/masking-data?action=decrypt","POST","https://stg-platform-encrypt-decrypt-z6qdhvvftq-et.a.run.app/masking-data?action=decrypt","OK","200","86","219",,,,"0","0","0","0"
"143","Load data","https://stg-platform-encrypt-decrypt-z6qdhvvftq-et.a.run.app/masking-data?action=decrypt","POST","https://stg-platform-encrypt-decrypt-z6qdhvvftq-et.a.run.app/masking-data?action=decrypt","OK","200","75","219",,,,"0","0","0","0"
"144","Load data","https://stg-platform-encrypt-decrypt-z6qdhvvftq-et.a.run.app/masking-data?action=decrypt","POST","https://stg-platform-encrypt-decrypt-z6qdhvvftq-et.a.run.app/masking-data?action=decrypt","OK","200","45","219",,,,"0","0","0","0"
"145","Load data","https://stg-platform-encrypt-decrypt-z6qdhvvftq-et.a.run.app/masking-data?action=decrypt","POST","https://stg-platform-encrypt-decrypt-z6qdhvvftq-et.a.run.app/masking-data?action=decrypt","OK","200","49","219",,,,"0","0","0","0"
"146","Load data","https://stg-platform-encrypt-decrypt-z6qdhvvftq-et.a.run.app/masking-data?action=decrypt","POST","https://stg-platform-encrypt-decrypt-z6qdhvvftq-et.a.run.app/masking-data?action=decrypt","OK","200","47","219",,,,"0","0","0","0"
"147","Load data","https://stg-platform-encrypt-decrypt-z6qdhvvftq-et.a.run.app/masking-data?action=decrypt","POST","https://stg-platform-encrypt-decrypt-z6qdhvvftq-et.a.run.app/masking-data?action=decrypt","OK","200","50","219",,,,"0","0","0","0"
"148","Load data","https://stg-platform-encrypt-decrypt-z6qdhvvftq-et.a.run.app/masking-data?action=decrypt","POST","https://stg-platform-encrypt-decrypt-z6qdhvvftq-et.a.run.app/masking-data?action=decrypt","OK","200","44","219",,,,"0","0","0","0"
"149","Load data","https://stg-platform-encrypt-decrypt-z6qdhvvftq-et.a.run.app/masking-data?action=decrypt","POST","https://stg-platform-encrypt-decrypt-z6qdhvvftq-et.a.run.app/masking-data?action=decrypt","OK","200","48","219",,,,"0","0","0","0"
"150","Load data","https://stg-platform-encrypt-decrypt-z6qdhvvftq-et.a.run.app/masking-data?action=decrypt","POST","https://stg-platform-encrypt-decrypt-z6qdhvvftq-et.a.run.app/masking-data?action=decrypt","OK","200","45","219",,,,"0","0","0","0"
"151","Load data","https://stg-platform-encrypt-decrypt-z6qdhvvftq-et.a.run.app/masking-data?action=decrypt","POST","https://stg-platform-encrypt-decrypt-z6qdhvvftq-et.a.run.app/masking-data?action=decrypt","OK","200","47","219",,,,"0","0","0","0"
"152","Load data","https://stg-platform-encrypt-decrypt-z6qdhvvftq-et.a.run.app/masking-data?action=decrypt","POST","https://stg-platform-encrypt-decrypt-z6qdhvvftq-et.a.run.app/masking-data?action=decrypt","OK","200","46","219",,,,"0","0","0","0"
"153","Load data","https://stg-platform-encrypt-decrypt-z6qdhvvftq-et.a.run.app/masking-data?action=decrypt","POST","https://stg-platform-encrypt-decrypt-z6qdhvvftq-et.a.run.app/masking-data?action=decrypt","OK","200","48","219",,,,"0","0","0","0"
"154","Load data","https://stg-platform-encrypt-decrypt-z6qdhvvftq-et.a.run.app/masking-data?action=decrypt","POST","https://stg-platform-encrypt-decrypt-z6qdhvvftq-et.a.run.app/masking-data?action=decrypt","OK","200","44","219",,,,"0","0","0","0"
"155","Load data","https://stg-platform-encrypt-decrypt-z6qdhvvftq-et.a.run.app/masking-data?action=decrypt","POST","https://stg-platform-encrypt-decrypt-z6qdhvvftq-et.a.run.app/masking-data?action=decrypt","OK","200","45","219",,,,"0","0","0","0"
"156","Load data","https://stg-platform-encrypt-decrypt-z6qdhvvftq-et.a.run.app/masking-data?action=decrypt","POST","https://stg-platform-encrypt-decrypt-z6qdhvvftq-et.a.run.app/masking-data?action=decrypt","OK","200","47","219",,,,"0","0","0","0"
"157","Load data","https://stg-platform-encrypt-decrypt-z6qdhvvftq-et.a.run.app/masking-data?action=decrypt","POST","https://stg-platform-encrypt-decrypt-z6qdhvvftq-et.a.run.app/masking-data?action=decrypt","OK","200","45","219",,,,"0","0","0","0"
"158","Load data","https://stg-platform-encrypt-decrypt-z6qdhvvftq-et.a.run.app/masking-data?action=decrypt","POST","https://stg-platform-encrypt-decrypt-z6qdhvvftq-et.a.run.app/masking-data?action=decrypt","OK","200","52","219",,,,"0","0","0","0"
"159","Load data","https://stg-platform-encrypt-decrypt-z6qdhvvftq-et.a.run.app/masking-data?action=decrypt","POST","https://stg-platform-encrypt-decrypt-z6qdhvvftq-et.a.run.app/masking-data?action=decrypt","OK","200","47","219",,,,"0","0","0","0"
"160","Load data","https://stg-platform-encrypt-decrypt-z6qdhvvftq-et.a.run.app/masking-data?action=decrypt","POST","https://stg-platform-encrypt-decrypt-z6qdhvvftq-et.a.run.app/masking-data?action=decrypt","OK","200","48","219",,,,"0","0","0","0"
"161","Load data","https://stg-platform-encrypt-decrypt-z6qdhvvftq-et.a.run.app/masking-data?action=decrypt","POST","https://stg-platform-encrypt-decrypt-z6qdhvvftq-et.a.run.app/masking-data?action=decrypt","OK","200","48","219",,,,"0","0","0","0"
"162","Load data","https://stg-platform-encrypt-decrypt-z6qdhvvftq-et.a.run.app/masking-data?action=decrypt","POST","https://stg-platform-encrypt-decrypt-z6qdhvvftq-et.a.run.app/masking-data?action=decrypt","OK","200","48","219",,,,"0","0","0","0"
"163","Load data","https://stg-platform-encrypt-decrypt-z6qdhvvftq-et.a.run.app/masking-data?action=decrypt","POST","https://stg-platform-encrypt-decrypt-z6qdhvvftq-et.a.run.app/masking-data?action=decrypt","OK","200","43","219",,,,"0","0","0","0"
"164","Load data","https://stg-platform-encrypt-decrypt-z6qdhvvftq-et.a.run.app/masking-data?action=decrypt","POST","https://stg-platform-encrypt-decrypt-z6qdhvvftq-et.a.run.app/masking-data?action=decrypt","OK","200","44","219",,,,"0","0","0","0"
"165","Load data","https://stg-platform-encrypt-decrypt-z6qdhvvftq-et.a.run.app/masking-data?action=decrypt","POST","https://stg-platform-encrypt-decrypt-z6qdhvvftq-et.a.run.app/masking-data?action=decrypt","OK","200","47","219",,,,"0","0","0","0"
"166","Load data","https://stg-platform-encrypt-decrypt-z6qdhvvftq-et.a.run.app/masking-data?action=decrypt","POST","https://stg-platform-encrypt-decrypt-z6qdhvvftq-et.a.run.app/masking-data?action=decrypt","OK","200","51","219",,,,"0","0","0","0"
"167","Load data","https://stg-platform-encrypt-decrypt-z6qdhvvftq-et.a.run.app/masking-data?action=decrypt","POST","https://stg-platform-encrypt-decrypt-z6qdhvvftq-et.a.run.app/masking-data?action=decrypt","OK","200","47","219",,,,"0","0","0","0"
"168","Load data","https://stg-platform-encrypt-decrypt-z6qdhvvftq-et.a.run.app/masking-data?action=decrypt","POST","https://stg-platform-encrypt-decrypt-z6qdhvvftq-et.a.run.app/masking-data?action=decrypt","OK","200","48","219",,,,"0","0","0","0"
"169","Load data","https://stg-platform-encrypt-decrypt-z6qdhvvftq-et.a.run.app/masking-data?action=decrypt","POST","https://stg-platform-encrypt-decrypt-z6qdhvvftq-et.a.run.app/masking-data?action=decrypt","OK","200","44","219",,,,"0","0","0","0"
"170","Load data","https://stg-platform-encrypt-decrypt-z6qdhvvftq-et.a.run.app/masking-data?action=decrypt","POST","https://stg-platform-encrypt-decrypt-z6qdhvvftq-et.a.run.app/masking-data?action=decrypt","OK","200","46","219",,,,"0","0","0","0"
"171","Load data","https://stg-platform-encrypt-decrypt-z6qdhvvftq-et.a.run.app/masking-data?action=decrypt","POST","https://stg-platform-encrypt-decrypt-z6qdhvvftq-et.a.run.app/masking-data?action=decrypt","OK","200","48","219",,,,"0","0","0","0"
"172","Load data","https://stg-platform-encrypt-decrypt-z6qdhvvftq-et.a.run.app/masking-data?action=decrypt","POST","https://stg-platform-encrypt-decrypt-z6qdhvvftq-et.a.run.app/masking-data?action=decrypt","OK","200","45","219",,,,"0","0","0","0"
"173","Load data","https://stg-platform-encrypt-decrypt-z6qdhvvftq-et.a.run.app/masking-data?action=decrypt","POST","https://stg-platform-encrypt-decrypt-z6qdhvvftq-et.a.run.app/masking-data?action=decrypt","OK","200","43","219",,,,"0","0","0","0"
"174","Load data","https://stg-platform-encrypt-decrypt-z6qdhvvftq-et.a.run.app/masking-data?action=decrypt","POST","https://stg-platform-encrypt-decrypt-z6qdhvvftq-et.a.run.app/masking-data?action=decrypt","OK","200","46","219",,,,"0","0","0","0"
"175","Load data","https://stg-platform-encrypt-decrypt-z6qdhvvftq-et.a.run.app/masking-data?action=decrypt","POST","https://stg-platform-encrypt-decrypt-z6qdhvvftq-et.a.run.app/masking-data?action=decrypt","OK","200","59","219",,,,"0","0","0","0"
"176","Load data","https://stg-platform-encrypt-decrypt-z6qdhvvftq-et.a.run.app/masking-data?action=decrypt","POST","https://stg-platform-encrypt-decrypt-z6qdhvvftq-et.a.run.app/masking-data?action=decrypt","OK","200","47","219",,,,"0","0","0","0"
"177","Load data","https://stg-platform-encrypt-decrypt-z6qdhvvftq-et.a.run.app/masking-data?action=decrypt","POST","https://stg-platform-encrypt-decrypt-z6qdhvvftq-et.a.run.app/masking-data?action=decrypt","OK","200","48","219",,,,"0","0","0","0"
"178","Load data","https://stg-platform-encrypt-decrypt-z6qdhvvftq-et.a.run.app/masking-data?action=decrypt","POST","https://stg-platform-encrypt-decrypt-z6qdhvvftq-et.a.run.app/masking-data?action=decrypt","OK","200","52","219",,,,"0","0","0","0"
"179","Load data","https://stg-platform-encrypt-decrypt-z6qdhvvftq-et.a.run.app/masking-data?action=decrypt","POST","https://stg-platform-encrypt-decrypt-z6qdhvvftq-et.a.run.app/masking-data?action=decrypt","OK","200","44","219",,,,"0","0","0","0"
"180","Load data","https://stg-platform-encrypt-decrypt-z6qdhvvftq-et.a.run.app/masking-data?action=decrypt","POST","https://stg-platform-encrypt-decrypt-z6qdhvvftq-et.a.run.app/masking-data?action=decrypt","OK","200","45","219",,,,"0","0","0","0"
"181","Load data","https://stg-platform-encrypt-decrypt-z6qdhvvftq-et.a.run.app/masking-data?action=decrypt","POST","https://stg-platform-encrypt-decrypt-z6qdhvvftq-et.a.run.app/masking-data?action=decrypt","OK","200","47","219",,,,"0","0","0","0"
"182","Load data","https://stg-platform-encrypt-decrypt-z6qdhvvftq-et.a.run.app/masking-data?action=decrypt","POST","https://stg-platform-encrypt-decrypt-z6qdhvvftq-et.a.run.app/masking-data?action=decrypt","OK","200","46","219",,,,"0","0","0","0"
"183","Load data","https://stg-platform-encrypt-decrypt-z6qdhvvftq-et.a.run.app/masking-data?action=decrypt","POST","https://stg-platform-encrypt-decrypt-z6qdhvvftq-et.a.run.app/masking-data?action=decrypt","OK","200","45","219",,,,"0","0","0","0"
"184","Load data","https://stg-platform-encrypt-decrypt-z6qdhvvftq-et.a.run.app/masking-data?action=decrypt","POST","https://stg-platform-encrypt-decrypt-z6qdhvvftq-et.a.run.app/masking-data?action=decrypt","OK","200","50","219",,,,"0","0","0","0"
"185","Load data","https://stg-platform-encrypt-decrypt-z6qdhvvftq-et.a.run.app/masking-data?action=decrypt","POST","https://stg-platform-encrypt-decrypt-z6qdhvvftq-et.a.run.app/masking-data?action=decrypt","OK","200","46","219",,,,"0","0","0","0"
"186","Load data","https://stg-platform-encrypt-decrypt-z6qdhvvftq-et.a.run.app/masking-data?action=decrypt","POST","https://stg-platform-encrypt-decrypt-z6qdhvvftq-et.a.run.app/masking-data?action=decrypt","OK","200","51","219",,,,"0","0","0","0"
"187","Load data","https://stg-platform-encrypt-decrypt-z6qdhvvftq-et.a.run.app/masking-data?action=decrypt","POST","https://stg-platform-encrypt-decrypt-z6qdhvvftq-et.a.run.app/masking-data?action=decrypt","OK","200","47","219",,,,"0","0","0","0"
"188","Load data","https://stg-platform-encrypt-decrypt-z6qdhvvftq-et.a.run.app/masking-data?action=decrypt","POST","https://stg-platform-encrypt-decrypt-z6qdhvvftq-et.a.run.app/masking-data?action=decrypt","OK","200","49","219",,,,"0","0","0","0"
"189","Load data","https://stg-platform-encrypt-decrypt-z6qdhvvftq-et.a.run.app/masking-data?action=decrypt","POST","https://stg-platform-encrypt-decrypt-z6qdhvvftq-et.a.run.app/masking-data?action=decrypt","OK","200","62","219",,,,"0","0","0","0"
"190","Load data","https://stg-platform-encrypt-decrypt-z6qdhvvftq-et.a.run.app/masking-data?action=decrypt","POST","https://stg-platform-encrypt-decrypt-z6qdhvvftq-et.a.run.app/masking-data?action=decrypt","OK","200","82","219",,,,"0","0","0","0"
"191","Load data","https://stg-platform-encrypt-decrypt-z6qdhvvftq-et.a.run.app/masking-data?action=decrypt","POST","https://stg-platform-encrypt-decrypt-z6qdhvvftq-et.a.run.app/masking-data?action=decrypt","OK","200","47","219",,,,"0","0","0","0"
"192","Load data","https://stg-platform-encrypt-decrypt-z6qdhvvftq-et.a.run.app/masking-data?action=decrypt","POST","https://stg-platform-encrypt-decrypt-z6qdhvvftq-et.a.run.app/masking-data?action=decrypt","OK","200","59","219",,,,"0","0","0","0"
"193","Load data","https://stg-platform-encrypt-decrypt-z6qdhvvftq-et.a.run.app/masking-data?action=decrypt","POST","https://stg-platform-encrypt-decrypt-z6qdhvvftq-et.a.run.app/masking-data?action=decrypt","OK","200","47","219",,,,"0","0","0","0"
"194","Load data","https://stg-platform-encrypt-decrypt-z6qdhvvftq-et.a.run.app/masking-data?action=decrypt","POST","https://stg-platform-encrypt-decrypt-z6qdhvvftq-et.a.run.app/masking-data?action=decrypt","OK","200","50","219",,,,"0","0","0","0"
"195","Load data","https://stg-platform-encrypt-decrypt-z6qdhvvftq-et.a.run.app/masking-data?action=decrypt","POST","https://stg-platform-encrypt-decrypt-z6qdhvvftq-et.a.run.app/masking-data?action=decrypt","OK","200","47","219",,,,"0","0","0","0"
"196","Load data","https://stg-platform-encrypt-decrypt-z6qdhvvftq-et.a.run.app/masking-data?action=decrypt","POST","https://stg-platform-encrypt-decrypt-z6qdhvvftq-et.a.run.app/masking-data?action=decrypt","OK","200","50","219",,,,"0","0","0","0"
"197","Load data","https://stg-platform-encrypt-decrypt-z6qdhvvftq-et.a.run.app/masking-data?action=decrypt","POST","https://stg-platform-encrypt-decrypt-z6qdhvvftq-et.a.run.app/masking-data?action=decrypt","OK","200","48","219",,,,"0","0","0","0"
"198","Load data","https://stg-platform-encrypt-decrypt-z6qdhvvftq-et.a.run.app/masking-data?action=decrypt","POST","https://stg-platform-encrypt-decrypt-z6qdhvvftq-et.a.run.app/masking-data?action=decrypt","OK","200","46","219",,,,"0","0","0","0"
"199","Load data","https://stg-platform-encrypt-decrypt-z6qdhvvftq-et.a.run.app/masking-data?action=decrypt","POST","https://stg-platform-encrypt-decrypt-z6qdhvvftq-et.a.run.app/masking-data?action=decrypt","OK","200","49","219",,,,"0","0","0","0"
"200","Load data","https://stg-platform-encrypt-decrypt-z6qdhvvftq-et.a.run.app/masking-data?action=decrypt","POST","https://stg-platform-encrypt-decrypt-z6qdhvvftq-et.a.run.app/masking-data?action=decrypt","OK","200","46","219",,,,"0","0","0","0"
"201","Load data","https://stg-platform-encrypt-decrypt-z6qdhvvftq-et.a.run.app/masking-data?action=decrypt","POST","https://stg-platform-encrypt-decrypt-z6qdhvvftq-et.a.run.app/masking-data?action=decrypt","OK","200","62","219",,,,"0","0","0","0"
"202","Load data","https://stg-platform-encrypt-decrypt-z6qdhvvftq-et.a.run.app/masking-data?action=decrypt","POST","https://stg-platform-encrypt-decrypt-z6qdhvvftq-et.a.run.app/masking-data?action=decrypt","OK","200","66","219",,,,"0","0","0","0"
"203","Load data","https://stg-platform-encrypt-decrypt-z6qdhvvftq-et.a.run.app/masking-data?action=decrypt","POST","https://stg-platform-encrypt-decrypt-z6qdhvvftq-et.a.run.app/masking-data?action=decrypt","OK","200","68","219",,,,"0","0","0","0"
"204","Load data","https://stg-platform-encrypt-decrypt-z6qdhvvftq-et.a.run.app/masking-data?action=decrypt","POST","https://stg-platform-encrypt-decrypt-z6qdhvvftq-et.a.run.app/masking-data?action=decrypt","OK","200","55","219",,,,"0","0","0","0"
"205","Load data","https://stg-platform-encrypt-decrypt-z6qdhvvftq-et.a.run.app/masking-data?action=decrypt","POST","https://stg-platform-encrypt-decrypt-z6qdhvvftq-et.a.run.app/masking-data?action=decrypt","OK","200","45","219",,,,"0","0","0","0"
"206","Load data","https://stg-platform-encrypt-decrypt-z6qdhvvftq-et.a.run.app/masking-data?action=decrypt","POST","https://stg-platform-encrypt-decrypt-z6qdhvvftq-et.a.run.app/masking-data?action=decrypt","OK","200","48","219",,,,"0","0","0","0"
"207","Load data","https://stg-platform-encrypt-decrypt-z6qdhvvftq-et.a.run.app/masking-data?action=decrypt","POST","https://stg-platform-encrypt-decrypt-z6qdhvvftq-et.a.run.app/masking-data?action=decrypt","OK","200","62","219",,,,"0","0","0","0"
"208","Load data","https://stg-platform-encrypt-decrypt-z6qdhvvftq-et.a.run.app/masking-data?action=decrypt","POST","https://stg-platform-encrypt-decrypt-z6qdhvvftq-et.a.run.app/masking-data?action=decrypt","OK","200","49","219",,,,"0","0","0","0"
"209","Load data","https://stg-platform-encrypt-decrypt-z6qdhvvftq-et.a.run.app/masking-data?action=decrypt","POST","https://stg-platform-encrypt-decrypt-z6qdhvvftq-et.a.run.app/masking-data?action=decrypt","OK","200","48","219",,,,"0","0","0","0"
"210","Load data","https://stg-platform-encrypt-decrypt-z6qdhvvftq-et.a.run.app/masking-data?action=decrypt","POST","https://stg-platform-encrypt-decrypt-z6qdhvvftq-et.a.run.app/masking-data?action=decrypt","OK","200","48","219",,,,"0","0","0","0"
"211","Load data","https://stg-platform-encrypt-decrypt-z6qdhvvftq-et.a.run.app/masking-data?action=decrypt","POST","https://stg-platform-encrypt-decrypt-z6qdhvvftq-et.a.run.app/masking-data?action=decrypt","OK","200","44","219",,,,"0","0","0","0"
"212","Load data","https://stg-platform-encrypt-decrypt-z6qdhvvftq-et.a.run.app/masking-data?action=decrypt","POST","https://stg-platform-encrypt-decrypt-z6qdhvvftq-et.a.run.app/masking-data?action=decrypt","OK","200","48","219",,,,"0","0","0","0"
"213","Load data","https://stg-platform-encrypt-decrypt-z6qdhvvftq-et.a.run.app/masking-data?action=decrypt","POST","https://stg-platform-encrypt-decrypt-z6qdhvvftq-et.a.run.app/masking-data?action=decrypt","OK","200","49","219",,,,"0","0","0","0"
"214","Load data","https://stg-platform-encrypt-decrypt-z6qdhvvftq-et.a.run.app/masking-data?action=decrypt","POST","https://stg-platform-encrypt-decrypt-z6qdhvvftq-et.a.run.app/masking-data?action=decrypt","OK","200","55","219",,,,"0","0","0","0"
"215","Load data","https://stg-platform-encrypt-decrypt-z6qdhvvftq-et.a.run.app/masking-data?action=decrypt","POST","https://stg-platform-encrypt-decrypt-z6qdhvvftq-et.a.run.app/masking-data?action=decrypt","OK","200","48","219",,,,"0","0","0","0"
"216","Load data","https://stg-platform-encrypt-decrypt-z6qdhvvftq-et.a.run.app/masking-data?action=decrypt","POST","https://stg-platform-encrypt-decrypt-z6qdhvvftq-et.a.run.app/masking-data?action=decrypt","OK","200","58","219",,,,"0","0","0","0"
"217","Load data","https://stg-platform-encrypt-decrypt-z6qdhvvftq-et.a.run.app/masking-data?action=decrypt","POST","https://stg-platform-encrypt-decrypt-z6qdhvvftq-et.a.run.app/masking-data?action=decrypt","OK","200","46","219",,,,"0","0","0","0"
"218","Load data","https://stg-platform-encrypt-decrypt-z6qdhvvftq-et.a.run.app/masking-data?action=decrypt","POST","https://stg-platform-encrypt-decrypt-z6qdhvvftq-et.a.run.app/masking-data?action=decrypt","OK","200","49","219",,,,"0","0","0","0"
"219","Load data","https://stg-platform-encrypt-decrypt-z6qdhvvftq-et.a.run.app/masking-data?action=decrypt","POST","https://stg-platform-encrypt-decrypt-z6qdhvvftq-et.a.run.app/masking-data?action=decrypt","OK","200","48","219",,,,"0","0","0","0"
"220","Load data","https://stg-platform-encrypt-decrypt-z6qdhvvftq-et.a.run.app/masking-data?action=decrypt","POST","https://stg-platform-encrypt-decrypt-z6qdhvvftq-et.a.run.app/masking-data?action=decrypt","OK","200","46","219",,,,"0","0","0","0"
"221","Load data","https://stg-platform-encrypt-decrypt-z6qdhvvftq-et.a.run.app/masking-data?action=decrypt","POST","https://stg-platform-encrypt-decrypt-z6qdhvvftq-et.a.run.app/masking-data?action=decrypt","OK","200","48","219",,,,"0","0","0","0"
"222","Load data","https://stg-platform-encrypt-decrypt-z6qdhvvftq-et.a.run.app/masking-data?action=decrypt","POST","https://stg-platform-encrypt-decrypt-z6qdhvvftq-et.a.run.app/masking-data?action=decrypt","OK","200","57","219",,,,"0","0","0","0"
"223","Load data","https://stg-platform-encrypt-decrypt-z6qdhvvftq-et.a.run.app/masking-data?action=decrypt","POST","https://stg-platform-encrypt-decrypt-z6qdhvvftq-et.a.run.app/masking-data?action=decrypt","OK","200","53","219",,,,"0","0","0","0"
"224","Load data","https://stg-platform-encrypt-decrypt-z6qdhvvftq-et.a.run.app/masking-data?action=decrypt","POST","https://stg-platform-encrypt-decrypt-z6qdhvvftq-et.a.run.app/masking-data?action=decrypt","OK","200","53","219",,,,"0","0","0","0"
"225","Load data","https://stg-platform-encrypt-decrypt-z6qdhvvftq-et.a.run.app/masking-data?action=decrypt","POST","https://stg-platform-encrypt-decrypt-z6qdhvvftq-et.a.run.app/masking-data?action=decrypt","OK","200","52","219",,,,"0","0","0","0"
"226","Load data","https://stg-platform-encrypt-decrypt-z6qdhvvftq-et.a.run.app/masking-data?action=decrypt","POST","https://stg-platform-encrypt-decrypt-z6qdhvvftq-et.a.run.app/masking-data?action=decrypt","OK","200","45","219",,,,"0","0","0","0"
"227","Load data","https://stg-platform-encrypt-decrypt-z6qdhvvftq-et.a.run.app/masking-data?action=decrypt","POST","https://stg-platform-encrypt-decrypt-z6qdhvvftq-et.a.run.app/masking-data?action=decrypt","OK","200","45","219",,,,"0","0","0","0"
"228","Load data","https://stg-platform-encrypt-decrypt-z6qdhvvftq-et.a.run.app/masking-data?action=decrypt","POST","https://stg-platform-encrypt-decrypt-z6qdhvvftq-et.a.run.app/masking-data?action=decrypt","OK","200","46","219",,,,"0","0","0","0"
"229","Load data","https://stg-platform-encrypt-decrypt-z6qdhvvftq-et.a.run.app/masking-data?action=decrypt","POST","https://stg-platform-encrypt-decrypt-z6qdhvvftq-et.a.run.app/masking-data?action=decrypt","OK","200","46","219",,,,"0","0","0","0"
"230","Load data","https://stg-platform-encrypt-decrypt-z6qdhvvftq-et.a.run.app/masking-data?action=decrypt","POST","https://stg-platform-encrypt-decrypt-z6qdhvvftq-et.a.run.app/masking-data?action=decrypt","OK","200","45","219",,,,"0","0","0","0"
"231","Load data","https://stg-platform-encrypt-decrypt-z6qdhvvftq-et.a.run.app/masking-data?action=decrypt","POST","https://stg-platform-encrypt-decrypt-z6qdhvvftq-et.a.run.app/masking-data?action=decrypt","OK","200","46","219",,,,"0","0","0","0"
"232","Load data","https://stg-platform-encrypt-decrypt-z6qdhvvftq-et.a.run.app/masking-data?action=decrypt","POST","https://stg-platform-encrypt-decrypt-z6qdhvvftq-et.a.run.app/masking-data?action=decrypt","OK","200","45","219",,,,"0","0","0","0"
"233","Load data","https://stg-platform-encrypt-decrypt-z6qdhvvftq-et.a.run.app/masking-data?action=decrypt","POST","https://stg-platform-encrypt-decrypt-z6qdhvvftq-et.a.run.app/masking-data?action=decrypt","OK","200","60","219",,,,"0","0","0","0"
"234","Load data","https://stg-platform-encrypt-decrypt-z6qdhvvftq-et.a.run.app/masking-data?action=decrypt","POST","https://stg-platform-encrypt-decrypt-z6qdhvvftq-et.a.run.app/masking-data?action=decrypt","OK","200","48","219",,,,"0","0","0","0"
"235","Load data","https://stg-platform-encrypt-decrypt-z6qdhvvftq-et.a.run.app/masking-data?action=decrypt","POST","https://stg-platform-encrypt-decrypt-z6qdhvvftq-et.a.run.app/masking-data?action=decrypt","OK","200","57","219",,,,"0","0","0","0"
"236","Load data","https://stg-platform-encrypt-decrypt-z6qdhvvftq-et.a.run.app/masking-data?action=decrypt","POST","https://stg-platform-encrypt-decrypt-z6qdhvvftq-et.a.run.app/masking-data?action=decrypt","OK","200","51","219",,,,"0","0","0","0"
"237","Load data","https://stg-platform-encrypt-decrypt-z6qdhvvftq-et.a.run.app/masking-data?action=decrypt","POST","https://stg-platform-encrypt-decrypt-z6qdhvvftq-et.a.run.app/masking-data?action=decrypt","OK","200","47","219",,,,"0","0","0","0"
"238","Load data","https://stg-platform-encrypt-decrypt-z6qdhvvftq-et.a.run.app/masking-data?action=decrypt","POST","https://stg-platform-encrypt-decrypt-z6qdhvvftq-et.a.run.app/masking-data?action=decrypt","OK","200","45","219",,,,"0","0","0","0"
"239","Load data","https://stg-platform-encrypt-decrypt-z6qdhvvftq-et.a.run.app/masking-data?action=decrypt","POST","https://stg-platform-encrypt-decrypt-z6qdhvvftq-et.a.run.app/masking-data?action=decrypt","OK","200","47","219",,,,"0","0","0","0"
"240","Load data","https://stg-platform-encrypt-decrypt-z6qdhvvftq-et.a.run.app/masking-data?action=decrypt","POST","https://stg-platform-encrypt-decrypt-z6qdhvvftq-et.a.run.app/masking-data?action=decrypt","OK","200","53","219",,,,"0","0","0","0"
"241","Load data","https://stg-platform-encrypt-decrypt-z6qdhvvftq-et.a.run.app/masking-data?action=decrypt","POST","https://stg-platform-encrypt-decrypt-z6qdhvvftq-et.a.run.app/masking-data?action=decrypt","OK","200","66","219",,,,"0","0","0","0"
"242","Load data","https://stg-platform-encrypt-decrypt-z6qdhvvftq-et.a.run.app/masking-data?action=decrypt","POST","https://stg-platform-encrypt-decrypt-z6qdhvvftq-et.a.run.app/masking-data?action=decrypt","OK","200","80","219",,,,"0","0","0","0"
"243","Load data","https://stg-platform-encrypt-decrypt-z6qdhvvftq-et.a.run.app/masking-data?action=decrypt","POST","https://stg-platform-encrypt-decrypt-z6qdhvvftq-et.a.run.app/masking-data?action=decrypt","OK","200","50","219",,,,"0","0","0","0"
"244","Load data","https://stg-platform-encrypt-decrypt-z6qdhvvftq-et.a.run.app/masking-data?action=decrypt","POST","https://stg-platform-encrypt-decrypt-z6qdhvvftq-et.a.run.app/masking-data?action=decrypt","OK","200","44","219",,,,"0","0","0","0"
"245","Load data","https://stg-platform-encrypt-decrypt-z6qdhvvftq-et.a.run.app/masking-data?action=decrypt","POST","https://stg-platform-encrypt-decrypt-z6qdhvvftq-et.a.run.app/masking-data?action=decrypt","OK","200","76","219",,,,"0","0","0","0"
"246","Load data","https://stg-platform-encrypt-decrypt-z6qdhvvftq-et.a.run.app/masking-data?action=decrypt","POST","https://stg-platform-encrypt-decrypt-z6qdhvvftq-et.a.run.app/masking-data?action=decrypt","OK","200","66","219",,,,"0","0","0","0"
"247","Load data","https://stg-platform-encrypt-decrypt-z6qdhvvftq-et.a.run.app/masking-data?action=decrypt","POST","https://stg-platform-encrypt-decrypt-z6qdhvvftq-et.a.run.app/masking-data?action=decrypt","OK","200","50","219",,,,"0","0","0","0"
"248","Load data","https://stg-platform-encrypt-decrypt-z6qdhvvftq-et.a.run.app/masking-data?action=decrypt","POST","https://stg-platform-encrypt-decrypt-z6qdhvvftq-et.a.run.app/masking-data?action=decrypt","OK","200","51","219",,,,"0","0","0","0"
"249","Load data","https://stg-platform-encrypt-decrypt-z6qdhvvftq-et.a.run.app/masking-data?action=decrypt","POST","https://stg-platform-encrypt-decrypt-z6qdhvvftq-et.a.run.app/masking-data?action=decrypt","OK","200","59","219",,,,"0","0","0","0"
"250","Load data","https://stg-platform-encrypt-decrypt-z6qdhvvftq-et.a.run.app/masking-data?action=decrypt","POST","https://stg-platform-encrypt-decrypt-z6qdhvvftq-et.a.run.app/masking-data?action=decrypt","OK","200","45","219",,,,"0","0","0","0"
"251","Load data","https://stg-platform-encrypt-decrypt-z6qdhvvftq-et.a.run.app/masking-data?action=decrypt","POST","https://stg-platform-encrypt-decrypt-z6qdhvvftq-et.a.run.app/masking-data?action=decrypt","OK","200","55","219",,,,"0","0","0","0"
"252","Load data","https://stg-platform-encrypt-decrypt-z6qdhvvftq-et.a.run.app/masking-data?action=decrypt","POST","https://stg-platform-encrypt-decrypt-z6qdhvvftq-et.a.run.app/masking-data?action=decrypt","OK","200","48","219",,,,"0","0","0","0"
"253","Load data","https://stg-platform-encrypt-decrypt-z6qdhvvftq-et.a.run.app/masking-data?action=decrypt","POST","https://stg-platform-encrypt-decrypt-z6qdhvvftq-et.a.run.app/masking-data?action=decrypt","OK","200","47","219",,,,"0","0","0","0"
"254","Load data","https://stg-platform-encrypt-decrypt-z6qdhvvftq-et.a.run.app/masking-data?action=decrypt","POST","https://stg-platform-encrypt-decrypt-z6qdhvvftq-et.a.run.app/masking-data?action=decrypt","OK","200","46","219",,,,"0","0","0","0"
"255","Load data","https://stg-platform-encrypt-decrypt-z6qdhvvftq-et.a.run.app/masking-data?action=decrypt","POST","https://stg-platform-encrypt-decrypt-z6qdhvvftq-et.a.run.app/masking-data?action=decrypt","OK","200","49","219",,,,"0","0","0","0"
"256","Load data","https://stg-platform-encrypt-decrypt-z6qdhvvftq-et.a.run.app/masking-data?action=decrypt","POST","https://stg-platform-encrypt-decrypt-z6qdhvvftq-et.a.run.app/masking-data?action=decrypt","OK","200","48","219",,,,"0","0","0","0"
"257","Load data","https://stg-platform-encrypt-decrypt-z6qdhvvftq-et.a.run.app/masking-data?action=decrypt","POST","https://stg-platform-encrypt-decrypt-z6qdhvvftq-et.a.run.app/masking-data?action=decrypt","OK","200","45","219",,,,"0","0","0","0"
"258","Load data","https://stg-platform-encrypt-decrypt-z6qdhvvftq-et.a.run.app/masking-data?action=decrypt","POST","https://stg-platform-encrypt-decrypt-z6qdhvvftq-et.a.run.app/masking-data?action=decrypt","OK","200","52","219",,,,"0","0","0","0"
"259","Load data","https://stg-platform-encrypt-decrypt-z6qdhvvftq-et.a.run.app/masking-data?action=decrypt","POST","https://stg-platform-encrypt-decrypt-z6qdhvvftq-et.a.run.app/masking-data?action=decrypt","OK","200","47","219",,,,"0","0","0","0"
"260","Load data","https://stg-platform-encrypt-decrypt-z6qdhvvftq-et.a.run.app/masking-data?action=decrypt","POST","https://stg-platform-encrypt-decrypt-z6qdhvvftq-et.a.run.app/masking-data?action=decrypt","OK","200","45","219",,,,"0","0","0","0"
"261","Load data","https://stg-platform-encrypt-decrypt-z6qdhvvftq-et.a.run.app/masking-data?action=decrypt","POST","https://stg-platform-encrypt-decrypt-z6qdhvvftq-et.a.run.app/masking-data?action=decrypt","OK","200","47","219",,,,"0","0","0","0"
"262","Load data","https://stg-platform-encrypt-decrypt-z6qdhvvftq-et.a.run.app/masking-data?action=decrypt","POST","https://stg-platform-encrypt-decrypt-z6qdhvvftq-et.a.run.app/masking-data?action=decrypt","OK","200","48","219",,,,"0","0","0","0"
"263","Load data","https://stg-platform-encrypt-decrypt-z6qdhvvftq-et.a.run.app/masking-data?action=decrypt","POST","https://stg-platform-encrypt-decrypt-z6qdhvvftq-et.a.run.app/masking-data?action=decrypt","OK","200","46","219",,,,"0","0","0","0"
"264","Load data","https://stg-platform-encrypt-decrypt-z6qdhvvftq-et.a.run.app/masking-data?action=decrypt","POST","https://stg-platform-encrypt-decrypt-z6qdhvvftq-et.a.run.app/masking-data?action=decrypt","OK","200","48","219",,,,"0","0","0","0"
"265","Load data","https://stg-platform-encrypt-decrypt-z6qdhvvftq-et.a.run.app/masking-data?action=decrypt","POST","https://stg-platform-encrypt-decrypt-z6qdhvvftq-et.a.run.app/masking-data?action=decrypt","OK","200","52","219",,,,"0","0","0","0"
"266","Load data","https://stg-platform-encrypt-decrypt-z6qdhvvftq-et.a.run.app/masking-data?action=decrypt","POST","https://stg-platform-encrypt-decrypt-z6qdhvvftq-et.a.run.app/masking-data?action=decrypt","OK","200","46","219",,,,"0","0","0","0"
"267","Load data","https://stg-platform-encrypt-decrypt-z6qdhvvftq-et.a.run.app/masking-data?action=decrypt","POST","https://stg-platform-encrypt-decrypt-z6qdhvvftq-et.a.run.app/masking-data?action=decrypt","OK","200","50","219",,,,"0","0","0","0"
"268","Load data","https://stg-platform-encrypt-decrypt-z6qdhvvftq-et.a.run.app/masking-data?action=decrypt","POST","https://stg-platform-encrypt-decrypt-z6qdhvvftq-et.a.run.app/masking-data?action=decrypt","OK","200","44","219",,,,"0","0","0","0"
"269","Load data","https://stg-platform-encrypt-decrypt-z6qdhvvftq-et.a.run.app/masking-data?action=decrypt","POST","https://stg-platform-encrypt-decrypt-z6qdhvvftq-et.a.run.app/masking-data?action=decrypt","OK","200","46","219",,,,"0","0","0","0"
"270","Load data","https://stg-platform-encrypt-decrypt-z6qdhvvftq-et.a.run.app/masking-data?action=decrypt","POST","https://stg-platform-encrypt-decrypt-z6qdhvvftq-et.a.run.app/masking-data?action=decrypt","OK","200","47","219",,,,"0","0","0","0"
"271","Load data","https://stg-platform-encrypt-decrypt-z6qdhvvftq-et.a.run.app/masking-data?action=decrypt","POST","https://stg-platform-encrypt-decrypt-z6qdhvvftq-et.a.run.app/masking-data?action=decrypt","OK","200","46","219",,,,"0","0","0","0"
"272","Load data","https://stg-platform-encrypt-decrypt-z6qdhvvftq-et.a.run.app/masking-data?action=decrypt","POST","https://stg-platform-encrypt-decrypt-z6qdhvvftq-et.a.run.app/masking-data?action=decrypt","OK","200","50","219",,,,"0","0","0","0"
"273","Load data","https://stg-platform-encrypt-decrypt-z6qdhvvftq-et.a.run.app/masking-data?action=decrypt","POST","https://stg-platform-encrypt-decrypt-z6qdhvvftq-et.a.run.app/masking-data?action=decrypt","OK","200","48","219",,,,"0","0","0","0"
"274","Load data","https://stg-platform-encrypt-decrypt-z6qdhvvftq-et.a.run.app/masking-data?action=decrypt","POST","https://stg-platform-encrypt-decrypt-z6qdhvvftq-et.a.run.app/masking-data?action=decrypt","OK","200","46","219",,,,"0","0","0","0"
"275","Load data","https://stg-platform-encrypt-decrypt-z6qdhvvftq-et.a.run.app/masking-data?action=decrypt","POST","https://stg-platform-encrypt-decrypt-z6qdhvvftq-et.a.run.app/masking-data?action=decrypt","OK","200","48","219",,,,"0","0","0","0"